"relative_path","name","extension","bytes","sha256","under_extracted"
"nextgen-tutors-core-ready.zip","nextgen-tutors-core-ready.zip",".zip","54319","2F8CD91112FA0FD5362F7CB8369A2A93AC708D07C76F74767E0E8759BA7EFB41","False"
"nextgen-tutors-core.zip","nextgen-tutors-core.zip",".zip","553701","172109FC440D22A7C1D87BFD3ED583D8B143F6AE993D6C43CD166E586D3B0746","False"
"nextgen-tutors-importer.zip","nextgen-tutors-importer.zip",".zip","3905","CFCBEB266586AF5A6A8DE9058CC993F4F9508603B2D6B87F3160D692028FE257","False"
"nextgen-tutors-plugin.zip","nextgen-tutors-plugin.zip",".zip","19133","DD4F77E11D2EFEAF98085E8AFD8726F92087B9B81DBBF80A928FBAC11D05AC34","False"
"nextgen-tutors-schema.sql.deprecated","nextgen-tutors-schema.sql.deprecated",".deprecated","6190","169D92CE2874F3CC9511971A1175C635C0E9F2F45AD444A25A649A643A1F25E3","False"
"nextgentutors-implementation-dashboard.html","nextgentutors-implementation-dashboard.html",".html","80906","E91360A838605971B502BE18108B660D20084CF5C445EE438A60EFB79C2CB68E","False"
"_extracted/nextgen-tutors-core/nextgen-tutors-core/nextgen-tutors-core.php","nextgen-tutors-core.php",".php","3290","306E58AE9C86DEA6F22B724AC3F9EE56D897703BD9825206C9B3821C3E0432BC","True"
"_extracted/nextgen-tutors-core/nextgen-tutors-core/phpunit.xml","phpunit.xml",".xml","402","0D8F8CC76A7B24FEDC3137081D014A49A17DE54A85480CEBC2E86B3021883426","True"
"_extracted/nextgen-tutors-core/nextgen-tutors-core/assets/css/admin.css","admin.css",".css","6560","7ED0270DE39F02A33C86CAAFCB8BA9763BD8EEF1551021B2CC1FA98F05D7497E","True"
"_extracted/nextgen-tutors-core/nextgen-tutors-core/assets/imports/chat-export-full-next-gen.json","chat-export-full-next-gen.json",".json","1986483","F83428BA317F0A7A92DE129F418554138AC510D0CC65FDBC14452F4CF348F9B7","True"
"_extracted/nextgen-tutors-core/nextgen-tutors-core/assets/imports/Create-FluentCRM-Custom-Fields.xlsx","Create-FluentCRM-Custom-Fields.xlsx",".xlsx","9161","D05D6E53C06087C66DB742C15B9E321F5EE0C11EA3AC43833D752FA9A21037BE","True"
"_extracted/nextgen-tutors-core/nextgen-tutors-core/assets/imports/find-tutor-form.json","find-tutor-form.json",".json","1115","DE3ACD488E14A651800279D5F894C8E1BB8BCD30B645D5A4FA863C5F883BAD26","True"
"_extracted/nextgen-tutors-core/nextgen-tutors-core/assets/imports/FluentCRM-Automation-JSON-Export.json","FluentCRM-Automation-JSON-Export.json",".json","6547","AFBB092145831700425483688B77CCF91593ED1143626511A62B0DA95B17CA36","True"
"_extracted/nextgen-tutors-core/nextgen-tutors-core/assets/imports/zoom-recording-sync.json.json","zoom-recording-sync.json.json",".json","4597","CD7E1B17E81C587ACA543F8D951984D7FB084B522ADD164C8B11D66089B78FE1","True"
"_extracted/nextgen-tutors-core/nextgen-tutors-core/assets/js/admin.js","admin.js",".js","9113","B52DD287D31026B6934488462879D9CE4C3B9068B51BE589BA1D72FF7D1E53CB","True"
"_extracted/nextgen-tutors-core/nextgen-tutors-core/includes/class-ngt-admin.php","class-ngt-admin.php",".php","4678","B446EB952432F81B2A665E230F98A74D610422985B86DC0B273B92A7D1526A72","True"
"_extracted/nextgen-tutors-core/nextgen-tutors-core/includes/class-ngt-api.php","class-ngt-api.php",".php","12295","2F819FA69ED2D921A6F757FCF98349BF3FFBE29ADFCAE51E2AFB60424BB3AC27","True"
"_extracted/nextgen-tutors-core/nextgen-tutors-core/includes/class-ngt-database.php","class-ngt-database.php",".php","13653","7DEF80BBC15026FBE4AB5C53041CC83B60F6D3D593FD4BFD4E5EB7B3E746C646","True"
"_extracted/nextgen-tutors-core/nextgen-tutors-core/includes/class-ngt-detector.php","class-ngt-detector.php",".php","3348","A6F50B39D548CA01B63CE5DCE1659B33FD1E19335449EEDE1E9033B414F07818","True"
"_extracted/nextgen-tutors-core/nextgen-tutors-core/includes/class-ngt-downloader.php","class-ngt-downloader.php",".php","2147","339BF3434191051B6737D46A68C1829EA8171127F37777599B4F04423A141283","True"
"_extracted/nextgen-tutors-core/nextgen-tutors-core/includes/class-ngt-exporter.php","class-ngt-exporter.php",".php","5395","143E22965CA7DB4D9D27F9EBBD3F09FEC4F4AEBF499BE7D452C2B94786AA81FB","True"
"_extracted/nextgen-tutors-core/nextgen-tutors-core/includes/class-ngt-importer.php","class-ngt-importer.php",".php","2821","CF2ADB8E29C294BBE27122CF519A51C04187BC4526F2FF43A4E8D2546840B575","True"
"_extracted/nextgen-tutors-core/nextgen-tutors-core/includes/class-ngt-logger.php","class-ngt-logger.php",".php","7629","D9D67DD926B49A58C68B3FC85A30C8FF6B4FD3E896D2495620D8342F09E2B598","True"
"_extracted/nextgen-tutors-core/nextgen-tutors-core/includes/class-ngt-notifier.php","class-ngt-notifier.php",".php","2270","56C786F8AC9B0384EABDEA37954942DE93F2D853FC91FF6AF91B53643F61CA02","True"
"_extracted/nextgen-tutors-core/nextgen-tutors-core/includes/class-ngt-plugin.php","class-ngt-plugin.php",".php","9985","8FF35D20AA847DFFD2A90B86BB69C74AD246E7388482D5C3E445DEEC6B3C8758","True"
"_extracted/nextgen-tutors-core/nextgen-tutors-core/includes/class-ngt-queue.php","class-ngt-queue.php",".php","4179","E2030F250E6D233DF222CD87C43DB9F10A69A7C8DBE230EED0EBD84EE6D5C549","True"
"_extracted/nextgen-tutors-core/nextgen-tutors-core/includes/class-ngt-scheduler.php","class-ngt-scheduler.php",".php","5135","248B6E5158068B12FF4E57ACA0D6B27BA30610313957F96BB9F1DE70F9CA52BE","True"
"_extracted/nextgen-tutors-core/nextgen-tutors-core/includes/class-ngt-security.php","class-ngt-security.php",".php","9357","E36BF9CF0C86064B35DBF2FE0D0787698115A4661DD4FC21D39DA928767088CA","True"
"_extracted/nextgen-tutors-core/nextgen-tutors-core/includes/class-ngt-seeder.php","class-ngt-seeder.php",".php","4015","A4C710A42EE944B044290BA1F1C72090397E9185231CD4D4F294C135CA748090","True"
"_extracted/nextgen-tutors-core/nextgen-tutors-core/includes/class-ngt-uploader.php","class-ngt-uploader.php",".php","2413","95C5A29DABF81737023C95C9FBA405E177BB6CA65CF2E2E3321C77A71B6A4412","True"
"_extracted/nextgen-tutors-core/nextgen-tutors-core/includes/class-ngt-verifier.php","class-ngt-verifier.php",".php","7825","F676B8EFC4407E83AB8A6472765E064B83043BF34CB4C95FCC3A63BB93F2BE2A","True"
"_extracted/nextgen-tutors-core/nextgen-tutors-core/includes/class-ngt-workflows.php","class-ngt-workflows.php",".php","6433","4ADF4116541DE8004CC410A278C686B6A1AD84D0032559B4388ABE23949ECC15","True"
"_extracted/nextgen-tutors-core/nextgen-tutors-core/resources/Consent Withdrawal Handler.php","Consent Withdrawal Handler.php",".php","999","92AC11B83DD56376A03AB59ADC7CAE026A8C3EDED86FB164A9D60D762E38C5FE","True"
"_extracted/nextgen-tutors-core/nextgen-tutors-core/resources/Create-Backup-Script.sh","Create-Backup-Script.sh",".sh","1545","BF50750FDA794D6DACB52CE6A692BCE8B80105EB0C428FC17B6968A35A9A8C01","True"
"_extracted/nextgen-tutors-core/nextgen-tutors-core/resources/Exact-Production-Deliverables.php","Exact-Production-Deliverables.php",".php","4110","D7891AA59B8332E2FFDA83C447E6087ED9F3A49C80CFEBCB80461E86430247B1","True"
"_extracted/nextgen-tutors-core/nextgen-tutors-core/resources/functions-enhanced.php","functions-enhanced.php",".php","54652","085450A16EF74B3EC3733C4BE7E4793E609A165297AAC71732EA679B96024CF2","True"
"_extracted/nextgen-tutors-core/nextgen-tutors-core/resources/Secure Wrapper Script.sh","Secure Wrapper Script.sh",".sh","1882","8DE72630B2E3762195A95018CD8BEEC7A8154009DE9B646284E64A718A0984B4","True"
"_extracted/nextgen-tutors-core/nextgen-tutors-core/resources/seed-demo-data.php","seed-demo-data.php",".php","9085","057433645395EB29869510A91A22C548A66C76D4FA28D1354B91F12C7B355936","True"
"_extracted/nextgen-tutors-core/nextgen-tutors-core/resources/setup-ngt-platform.php","setup-ngt-platform.php",".php","13598","C685A815FA2E496FE745BC7EABF649FE166BDEBB69B63F096DCF8CCD39094404","True"
"_extracted/nextgen-tutors-core/nextgen-tutors-core/resources/Verification&Compliance-Checklist.sh","Verification&Compliance-Checklist.sh",".sh","531","1244A17B9C9C4286DA1BCFC6DD23291A16EF75B8B8CFC940B0D13ACD74697A2E","True"
"_extracted/nextgen-tutors-core/nextgen-tutors-core/resources/Verification&Compliance.sh","Verification&Compliance.sh",".sh","413","8E82ED0DD9C1F842FB2F4476AE10287857876274C71DDF4176B0A3507297919C","True"
"_extracted/nextgen-tutors-core/nextgen-tutors-core/resources/Verification-of-woo-products.sh","Verification-of-woo-products.sh",".sh","173","85571EC5C0DCF9A256E47E54BFDE316AB4D5C92369436BF9316096DA5924EF87","True"
"_extracted/nextgen-tutors-core/nextgen-tutors-core/resources/WooCommerce-Checkout-Hook.php","WooCommerce-Checkout-Hook.php",".php","4110","D7891AA59B8332E2FFDA83C447E6087ED9F3A49C80CFEBCB80461E86430247B1","True"
"_extracted/nextgen-tutors-core/nextgen-tutors-core/resources/WP-CLI Bulk Contact Import Script.php","WP-CLI Bulk Contact Import Script.php",".php","2661","95446EB09B1C934378CBA8AAD6A57619D632FE064048FEDD700A46E89AD9DE5C","True"
"_extracted/nextgen-tutors-core/nextgen-tutors-core/templates/popia-consent-form.php","popia-consent-form.php",".php","650","9A6CE84F36D91A07C7632892BD7D5FFA3B3EA69BA2DE36F56CEE6E31D9EBEE93","True"
"_extracted/nextgen-tutors-core/nextgen-tutors-core/templates/admin/alerts.php","alerts.php",".php","1780","C896B56B0BEE8851CBB63E24BCF951902D0E16468DD755B3D35ABE6F68254523","True"
"_extracted/nextgen-tutors-core/nextgen-tutors-core/templates/admin/billing.php","billing.php",".php","3585","F14E077D53F49370DFD6E36715B14D389B6498C61564721288F836C013D6A6C4","True"
"_extracted/nextgen-tutors-core/nextgen-tutors-core/templates/admin/dashboard.php","dashboard.php",".php","8398","F9893286819BA3D3E22136FD3355346DC60CD2E95327209DB4A1AE8235FA8F37","True"
"_extracted/nextgen-tutors-core/nextgen-tutors-core/templates/admin/exporter.php","exporter.php",".php","2889","17F795D4F6660A196DE2147ED94269EEFFF1C411CF8FD754B3DA5F40F60AD90F","True"
"_extracted/nextgen-tutors-core/nextgen-tutors-core/templates/admin/importer.php","importer.php",".php","2758","36AB212F76E2A7C7CD395BAD962A835B034EE0DCAC9E03DE967CD3720ADFD444","True"
"_extracted/nextgen-tutors-core/nextgen-tutors-core/templates/admin/logs.php","logs.php",".php","2397","5523F944322FBF71FC13E99147D5F54E3CC84A72960622C65A8D403343D04D3F","True"
"_extracted/nextgen-tutors-core/nextgen-tutors-core/templates/admin/seeder.php","seeder.php",".php","2486","237227DB3FC127A71A4E86CA7302B15EEB2DAD3A89EDD1FF0F51AE1474F0EBFE","True"
"_extracted/nextgen-tutors-core/nextgen-tutors-core/templates/admin/settings.php","settings.php",".php","4120","EB97F1F85AD351E8F21B82D858AA15E22BBFADBD5261F6C0260EFF302690D3EC","True"
"_extracted/nextgen-tutors-core/nextgen-tutors-core/templates/admin/verification.php","verification.php",".php","2728","1A79FBF153A4F57E1FF890955B8FF53812E78BA53B1A184B8FFAD66669AD1C74","True"
"_extracted/nextgen-tutors-core/nextgen-tutors-core/templates/admin/workflows.php","workflows.php",".php","6457","03BCF5B1DE18225A1A21A2C7FD001D8ACD6B5856F16B813C81FE7CF12EAF094E","True"
"_extracted/nextgen-tutors-core/nextgen-tutors-core/templates/emails/Exact POPIA-Compliant Email .html","Exact POPIA-Compliant Email .html",".html","5311","129994F5EDFD32EFE0763759717296E40100EDAC592A30C0DE9FE6FA22EE84ED","True"
"_extracted/nextgen-tutors-core/nextgen-tutors-core/templates/emails/POPIA-Compliant-Consent-Form-HTML.html","POPIA-Compliant-Consent-Form-HTML.html",".html","3221","441CA399D449E6BDA28A6954B1281E68BCDEC4AE0DB576BDF53F4571854160BA","True"
"_extracted/nextgen-tutors-core/nextgen-tutors-core/templates/emails/POPIA-Compliant-Email-Template.html","POPIA-Compliant-Email-Template.html",".html","2190","FF4B38696258A6EBF1278B31DEC917C5955FCA26F66F6EB6A7456BD9CD0341B2","True"
"_extracted/nextgen-tutors-core/nextgen-tutors-core/templates/emails/Session Rating Request.html","Session Rating Request.html",".html","2811","63727AA032150D682A39CB2CD832BD83B6098C7B8CFCAA84EB094E0672B8F5A0","True"
"_extracted/nextgen-tutors-core/nextgen-tutors-core/templates/emails/Tutor Approval & Welcome.html","Tutor Approval & Welcome.html",".html","3119","D066A62AEB43622A93F9F6194A57D4A2C6934F5015801821856AD8EBA7CAB19F","True"
"_extracted/nextgen-tutors-core/nextgen-tutors-core/templates/emails/Welcome & Booking Confirmation.html","Welcome & Booking Confirmation.html",".html","4632","6D9B66C9DEA0CB5F091D776268C1B389533E473351246EAE8BD2B591EAD27F1C","True"
"_extracted/nextgen-tutors-core/nextgen-tutors-core/tests/bootstrap.php","bootstrap.php",".php","2931","A7CC1DCC1B9A4EF92E6E387863FEA3BA8CC8D02FA095A3B5919AB9D23AF615F8","True"
"_extracted/nextgen-tutors-core/nextgen-tutors-core/tests/execute_tests.php","execute_tests.php",".php","3092","971F06C16B886D3B72383E29E74181EFD0CF72B6DF5417815B7B37F0FD9B4E13","True"
"_extracted/nextgen-tutors-core/nextgen-tutors-core/tests/ImporterTest.php","ImporterTest.php",".php","923","E1EFA91C510D1D59E83CF0DD760000164F37F416EF10685614741DE375DFB0E6","True"
"_extracted/nextgen-tutors-core/nextgen-tutors-core/tests/LoggerTest.php","LoggerTest.php",".php","695","545834CB7293133EE6BF9C8E147579F4B1C3C8FC6B6BDBF73F7852CBD31DA03F","True"
"_extracted/nextgen-tutors-core/nextgen-tutors-core/tests/SecurityTest.php","SecurityTest.php",".php","1174","0CCDDADA743E7D1FD801267DCF0DCDE66B79A70BA5E26F35EB69A930243055F6","True"
"_extracted/nextgen-tutors-core-ready/nextgen-tutors-core/nextgen-tutors-core.php","nextgen-tutors-core.php",".php","3264","E0C8855A135F9F0279C48F4424FA7D95E62699EFEB5E5134890FF739C3B1268A","True"
"_extracted/nextgen-tutors-core-ready/nextgen-tutors-core/phpunit.xml","phpunit.xml",".xml","402","0D8F8CC76A7B24FEDC3137081D014A49A17DE54A85480CEBC2E86B3021883426","True"
"_extracted/nextgen-tutors-core-ready/nextgen-tutors-core/assets/css/admin.css","admin.css",".css","6560","7ED0270DE39F02A33C86CAAFCB8BA9763BD8EEF1551021B2CC1FA98F05D7497E","True"
"_extracted/nextgen-tutors-core-ready/nextgen-tutors-core/assets/js/admin.js","admin.js",".js","9113","B52DD287D31026B6934488462879D9CE4C3B9068B51BE589BA1D72FF7D1E53CB","True"
"_extracted/nextgen-tutors-core-ready/nextgen-tutors-core/includes/class-ngt-admin.php","class-ngt-admin.php",".php","4678","B446EB952432F81B2A665E230F98A74D610422985B86DC0B273B92A7D1526A72","True"
"_extracted/nextgen-tutors-core-ready/nextgen-tutors-core/includes/class-ngt-api.php","class-ngt-api.php",".php","12295","2F819FA69ED2D921A6F757FCF98349BF3FFBE29ADFCAE51E2AFB60424BB3AC27","True"
"_extracted/nextgen-tutors-core-ready/nextgen-tutors-core/includes/class-ngt-database.php","class-ngt-database.php",".php","13653","7DEF80BBC15026FBE4AB5C53041CC83B60F6D3D593FD4BFD4E5EB7B3E746C646","True"
"_extracted/nextgen-tutors-core-ready/nextgen-tutors-core/includes/class-ngt-detector.php","class-ngt-detector.php",".php","3348","A6F50B39D548CA01B63CE5DCE1659B33FD1E19335449EEDE1E9033B414F07818","True"
"_extracted/nextgen-tutors-core-ready/nextgen-tutors-core/includes/class-ngt-downloader.php","class-ngt-downloader.php",".php","2147","339BF3434191051B6737D46A68C1829EA8171127F37777599B4F04423A141283","True"
"_extracted/nextgen-tutors-core-ready/nextgen-tutors-core/includes/class-ngt-exporter.php","class-ngt-exporter.php",".php","5395","143E22965CA7DB4D9D27F9EBBD3F09FEC4F4AEBF499BE7D452C2B94786AA81FB","True"
"_extracted/nextgen-tutors-core-ready/nextgen-tutors-core/includes/class-ngt-importer.php","class-ngt-importer.php",".php","2821","CF2ADB8E29C294BBE27122CF519A51C04187BC4526F2FF43A4E8D2546840B575","True"
"_extracted/nextgen-tutors-core-ready/nextgen-tutors-core/includes/class-ngt-logger.php","class-ngt-logger.php",".php","7629","D9D67DD926B49A58C68B3FC85A30C8FF6B4FD3E896D2495620D8342F09E2B598","True"
"_extracted/nextgen-tutors-core-ready/nextgen-tutors-core/includes/class-ngt-notifier.php","class-ngt-notifier.php",".php","2270","56C786F8AC9B0384EABDEA37954942DE93F2D853FC91FF6AF91B53643F61CA02","True"
"_extracted/nextgen-tutors-core-ready/nextgen-tutors-core/includes/class-ngt-plugin.php","class-ngt-plugin.php",".php","9985","8FF35D20AA847DFFD2A90B86BB69C74AD246E7388482D5C3E445DEEC6B3C8758","True"
"_extracted/nextgen-tutors-core-ready/nextgen-tutors-core/includes/class-ngt-queue.php","class-ngt-queue.php",".php","4179","E2030F250E6D233DF222CD87C43DB9F10A69A7C8DBE230EED0EBD84EE6D5C549","True"
"_extracted/nextgen-tutors-core-ready/nextgen-tutors-core/includes/class-ngt-scheduler.php","class-ngt-scheduler.php",".php","5135","248B6E5158068B12FF4E57ACA0D6B27BA30610313957F96BB9F1DE70F9CA52BE","True"
"_extracted/nextgen-tutors-core-ready/nextgen-tutors-core/includes/class-ngt-security.php","class-ngt-security.php",".php","9357","E36BF9CF0C86064B35DBF2FE0D0787698115A4661DD4FC21D39DA928767088CA","True"
"_extracted/nextgen-tutors-core-ready/nextgen-tutors-core/includes/class-ngt-seeder.php","class-ngt-seeder.php",".php","4015","A4C710A42EE944B044290BA1F1C72090397E9185231CD4D4F294C135CA748090","True"
"_extracted/nextgen-tutors-core-ready/nextgen-tutors-core/includes/class-ngt-uploader.php","class-ngt-uploader.php",".php","2413","95C5A29DABF81737023C95C9FBA405E177BB6CA65CF2E2E3321C77A71B6A4412","True"
"_extracted/nextgen-tutors-core-ready/nextgen-tutors-core/includes/class-ngt-verifier.php","class-ngt-verifier.php",".php","7655","D2B8F99C2A0104A91086A6B4156254C9513374D44EDC95645F651185660631B8","True"
"_extracted/nextgen-tutors-core-ready/nextgen-tutors-core/includes/class-ngt-workflows.php","class-ngt-workflows.php",".php","6433","4ADF4116541DE8004CC410A278C686B6A1AD84D0032559B4388ABE23949ECC15","True"
"_extracted/nextgen-tutors-core-ready/nextgen-tutors-core/templates/popia-consent-form.php","popia-consent-form.php",".php","650","9A6CE84F36D91A07C7632892BD7D5FFA3B3EA69BA2DE36F56CEE6E31D9EBEE93","True"
"_extracted/nextgen-tutors-core-ready/nextgen-tutors-core/templates/admin/alerts.php","alerts.php",".php","1780","C896B56B0BEE8851CBB63E24BCF951902D0E16468DD755B3D35ABE6F68254523","True"
"_extracted/nextgen-tutors-core-ready/nextgen-tutors-core/templates/admin/billing.php","billing.php",".php","3585","F14E077D53F49370DFD6E36715B14D389B6498C61564721288F836C013D6A6C4","True"
"_extracted/nextgen-tutors-core-ready/nextgen-tutors-core/templates/admin/dashboard.php","dashboard.php",".php","8398","F9893286819BA3D3E22136FD3355346DC60CD2E95327209DB4A1AE8235FA8F37","True"
"_extracted/nextgen-tutors-core-ready/nextgen-tutors-core/templates/admin/exporter.php","exporter.php",".php","2889","17F795D4F6660A196DE2147ED94269EEFFF1C411CF8FD754B3DA5F40F60AD90F","True"
"_extracted/nextgen-tutors-core-ready/nextgen-tutors-core/templates/admin/importer.php","importer.php",".php","2758","36AB212F76E2A7C7CD395BAD962A835B034EE0DCAC9E03DE967CD3720ADFD444","True"
"_extracted/nextgen-tutors-core-ready/nextgen-tutors-core/templates/admin/logs.php","logs.php",".php","2397","5523F944322FBF71FC13E99147D5F54E3CC84A72960622C65A8D403343D04D3F","True"
"_extracted/nextgen-tutors-core-ready/nextgen-tutors-core/templates/admin/seeder.php","seeder.php",".php","2486","237227DB3FC127A71A4E86CA7302B15EEB2DAD3A89EDD1FF0F51AE1474F0EBFE","True"
"_extracted/nextgen-tutors-core-ready/nextgen-tutors-core/templates/admin/settings.php","settings.php",".php","4120","EB97F1F85AD351E8F21B82D858AA15E22BBFADBD5261F6C0260EFF302690D3EC","True"
"_extracted/nextgen-tutors-core-ready/nextgen-tutors-core/templates/admin/verification.php","verification.php",".php","2683","C6B24C112D768FF396E7F4F85F669C892C250AE61CD140459226B584FA9C751C","True"
"_extracted/nextgen-tutors-core-ready/nextgen-tutors-core/templates/admin/workflows.php","workflows.php",".php","6457","03BCF5B1DE18225A1A21A2C7FD001D8ACD6B5856F16B813C81FE7CF12EAF094E","True"
"_extracted/nextgen-tutors-core-ready/nextgen-tutors-core/tests/bootstrap.php","bootstrap.php",".php","2931","A7CC1DCC1B9A4EF92E6E387863FEA3BA8CC8D02FA095A3B5919AB9D23AF615F8","True"
"_extracted/nextgen-tutors-core-ready/nextgen-tutors-core/tests/execute_tests.php","execute_tests.php",".php","3092","971F06C16B886D3B72383E29E74181EFD0CF72B6DF5417815B7B37F0FD9B4E13","True"
"_extracted/nextgen-tutors-core-ready/nextgen-tutors-core/tests/ImporterTest.php","ImporterTest.php",".php","923","E1EFA91C510D1D59E83CF0DD760000164F37F416EF10685614741DE375DFB0E6","True"
"_extracted/nextgen-tutors-core-ready/nextgen-tutors-core/tests/LoggerTest.php","LoggerTest.php",".php","695","545834CB7293133EE6BF9C8E147579F4B1C3C8FC6B6BDBF73F7852CBD31DA03F","True"
"_extracted/nextgen-tutors-core-ready/nextgen-tutors-core/tests/SecurityTest.php","SecurityTest.php",".php","1174","0CCDDADA743E7D1FD801267DCF0DCDE66B79A70BA5E26F35EB69A930243055F6","True"
"_extracted/nextgen-tutors-importer/nextgen-tutors-importer.php","nextgen-tutors-importer.php",".php","14131","6968455A6D11FADAAA409C3105DDC91E0471829CF5D553E76C6ADDAE3EEC883E","True"
"_extracted/nextgen-tutors-plugin/nextgen-tutors.php","nextgen-tutors.php",".php","1405","08AFADB1678198D5EAF1DA25BB0627C09348FD96AD0E4EC7A818071BCE809EFC","True"
"_extracted/nextgen-tutors-plugin/README.md","README.md",".md","1334","A2244D5AB267834950EE9AC8A2F3FEBCF4DF42B915F1315D9A972CF95B2D1F0C","True"
"_extracted/nextgen-tutors-plugin/tutorial.md","tutorial.md",".md","2110","8EE6CF39D27B25BCFBE0E046F1435A2BAF7E67E7280EA68AB88647127BED7CA5","True"
"_extracted/nextgen-tutors-plugin/admin/admin.css","admin.css",".css","2483","FC7ADEC87A73396ED9B49344660CE4EEC852BA932BA92C7494C44340329AD9CD","True"
"_extracted/nextgen-tutors-plugin/admin/admin.js","admin.js",".js","17970","3EB4D9E19CA7A4DAB09362BCE372A6EBE06454CC16D5A9D9B61F2B5127E45FBF","True"
"_extracted/nextgen-tutors-plugin/admin/mission-control.php","mission-control.php",".php","2718","3112E29F875DAC32C0D20886D1F07268E30BD1B1CFBB05B783112544BFCF8789","True"
"_extracted/nextgen-tutors-plugin/includes/activation.php","activation.php",".php","3784","B3DA947C22CCC8DF70CD9D5B65C3E4EDCF8EE0A16F348AE6C2463DD1F14821C2","True"
"_extracted/nextgen-tutors-plugin/includes/analytics.php","analytics.php",".php","2396","72DC496887E184C2A1292A9FD4FA7E587E1137E123773539540FE80089014313","True"
"_extracted/nextgen-tutors-plugin/includes/payout.php","payout.php",".php","2919","5085D3B0A02744C124DE863946A43D9CF21E398B7818AE699746C3C3EEDE4F4D","True"
"_extracted/nextgen-tutors-plugin/includes/rest-api.php","rest-api.php",".php","17855","DFB93F6FA21A8B5154C108DEB19848F6671CEF67A03BB1FD0BE9A8DBE25AF9D5","True"
"_extracted/nextgen-tutors-plugin/includes/sse.php","sse.php",".php","1980","03026C1D4E0BA53804F7BF6035515DDCFCDF2CFB31D61601ACCC6B3567452B57","True"
"_extracted/nextgen-tutors-plugin/includes/triggers.php","triggers.php",".php","2216","2C8E3184AFCBC69DFEC358C389A92B55EB8CAEA6D2F624B8DFC952FECB5322AD","True"
"_extracted/nextgen-tutors-plugin/includes/workflows.php","workflows.php",".php","4073","31EEC8E9E67C0331554EC82C0DCE9B888BA39F2F102257F45DD7D38275715C5D","True"
